displayName,service,filter,description,weightedKeywords,folderName,serviceIcon,serviceOrder,filterIcon,filterOrder
Allow External Sharing for Specific SPO Sites,SharePoint & OneDrive,Management & Automation,"This PowerShell script enables ""Anyone"" (external) sharing for specific SharePoint Online sites. It can allow external sharing for one or many sites while restricting the rest, and logs every change applied.",external sharing:10;enable external sharing:9;anyone links:8;guest access:8;site sharing settings:8;SharePoint site sharing:7;allow sharing specific sites:7;restrict sharing:6;sharing policy:6;site collection:5,Allow External Sharing for Specific SPO Sites,m365-icon-sharepoint svg-icon,4,custom-icon-gear-refresh-arrow-medium,3
Anonymous Link Activity Report,SharePoint & OneDrive,Auditing,"This PowerShell script audits all the anonymous link activities such as link creation, updation, removal, access and export the report to CSV file.",anonymous links:10;anyone links:9;link activity audit:9;anonymous sharing:8;shareable links:7;guest links:7;link creation:6;sharing activity:6;link removal:5,Anonymous Link Activity Report,,,custom-icon-file-lens-medium,2
App Registrations with Expiring Certificates & Client Secrets,Security & Identity,Reporting,Learn how to get app registrations with expiring client secrets and certificates using PowerShell to avoid downtime & app risks.,expiring client secrets:10;app registration expiry:10;certificate expiry:9;client secret:8;app credentials:8;expiring certificates:8;service principal:6;app downtime:5,App Registrations with Expiring Certificates & Client Secrets,m365-icon-security svg-icon,2,custom-icon-solid-bar,1
Archive Mailbox Size Report,Exchange Online,Reporting,"The PowerShell script exports Office 365 archive mailbox size report to CSV file along with archive quota, archive status, archive name, unlimited archiving.",archive mailbox size:10;online archive:9;in-place archive:8;archive quota:8;archive status:7;mailbox archive report:7;unlimited archiving:6;auto-expanding archive:5;storage:4,Archive Mailbox Size Report,m365-icon-exchange svg-icon,3,,
Audit Compromised User Activities from a Specific Session,Security & Identity,Auditing,The script helps security teams rebuild the user's activity timeline by collecting session ID-based audit logs in a consistent and easy-to-analyze format.,compromised account:10;session id audit:9;user activity timeline:8;incident investigation:8;breach investigation:7;forensics:7;suspicious activity:6;security incident:6,Audit Compromised User Activities from a Specific Session,,,,
Audit DLP Rule Matches in M365,Security & Identity,Auditing,"Execute the PowerShell script to exclusively audit DLP policy matches across workloads like Exchange, SharePoint, OneDrive, and Teams.",DLP:10;data loss prevention:10;DLP rule match:9;DLP policy:8;sensitive data:7;policy match:6;Purview:6;compliance audit:5,Audit DLP Rule Matches in M365,,,,
Audit Email Deletion in Office 365,Exchange Online,Auditing,This PowerShell script helps to find who deleted email from the mailboxes and exports email deletion audit records to CSV file.,email deletion audit:10;who deleted email:9;deleted emails:9;hard delete:7;soft delete:7;message deletion:7;mailbox forensics:5,Audit Email Deletion in Office 365,,,,
Audit Entra App Operations,Security & Identity,Auditing,"This PowerShell script audits Microsoft Entra ID application operations such as app registration creation, permission changes, and deletions. It helps admins track who changed which app and when, strengthening app governance.",app registration audit:10;Entra app operations:9;app permission changes:8;app deletion:7;consent changes:7;service principal audit:6;app governance:6;who changed app:6,Audit Entra App Operations,,,,
Audit External User Activity,Security & Identity,Auditing,"The script helps to audit external user activities and identify suspicious incidents, which lead to sensitive data leakage, security threats, and attacks.",external user activity:10;guest activity:9;guest user audit:8;B2B activity:7;suspicious activity:6;external collaboration:5;data leakage:5,Audit External User Activity,,,,
Audit Failed Signin Attempts in Entra,Security & Identity,Auditing,Export all Microsoft 365 failed login attempts with PowerShell script to identify unauthorized access attempts and address potential security risks before they escalate.,failed sign-in:10;failed login:10;sign-in failures:9;unauthorized access attempts:7;brute force:6;login errors:6;sign-in error codes:5,Audit Failed Signin Attempts in Entra,,,,
Audit File Access in SPO,SharePoint & OneDrive,Auditing,Audit file access in SharePoint Online using PowerShell to prevent unauthorized access for effective SharePoint Online management.,file access audit:10;who accessed file:9;document access:8;file viewed:7;SharePoint file access:7;unauthorized access:6;OneDrive:4,Audit File Access in SPO,,,,
Audit File Activities in SPO,SharePoint & OneDrive,Auditing,"Audit file activities in SharePoint Online and OneDrive to identify suspicious activities, excessive privileges, and safeguard data.",file activities:10;file operations audit:9;document activity:8;SharePoint file audit:7;OneDrive activity:7;file events:6;suspicious file activity:5,Audit File Activities in SPO,,,,
Audit File Deletion,SharePoint & OneDrive,Auditing,"This PowerShell script helps to audit file deletion in SharePoint and OneDrive for Business. With this report, admins can identify who deleted files in O365.",file deletion audit:10;who deleted file:9;deleted files:9;document deletion:8;SharePoint deletion:7;OneDrive deletion:7;recycle bin:5,Audit File Deletion,,,,
Audit File Downloads in SPO,SharePoint & OneDrive,Auditing,Audit file downloads in SharePoint Online and OneDrive using PowerShell to pinpoint who downloaded what file and when.,file download audit:10;who downloaded:9;file downloads:9;document download:8;data exfiltration:7;SharePoint download:7;OneDrive download:6,Audit File Downloads in SPO,,,,
Audit File Sharing in Microsoft Teams,MS Teams,Auditing,Track file-sharing activity logs in Microsoft Teams to ensure data protection and compliance by auditing shared files across teams.,Teams file sharing:10;shared files audit:9;file sharing activity:8;Teams documents:6;sharing audit:6;data protection:4,Audit File Sharing in Microsoft Teams,m365-icon-teams svg-icon,5,,
Audit Group Membership Changes,Entra,Auditing,Effortlessly audit group membership changes in Microsoft 365 with this PowerShell script. Access granular reports for robust security!,group membership changes:10;added removed members:9;membership audit:8;security group changes:7;who added member:7;group changes:6,Audit Group Membership Changes,m365-icon-azure svg-icon,1,,
Audit M365 Admins Activities,Security & Identity,Auditing,Audit Microsoft 365 admin activity using PowerShell to ensure appropriate use of admin privileges and enhance your Microsoft 365 security.,admin activity audit:10;administrator actions:9;privileged actions:8;admin audit log:7;admin privilege misuse:6,Audit M365 Admins Activities,,,,
Audit M365 User Creations,Entra,Auditing,This PowerShell script helps to find who created a user account in Microsoft 365 with ease. Download the script now and identify the suspicious accounts.,who created user:10;user creation audit:9;new user accounts:8;account creation:8;user provisioning:6;suspicious accounts:5,Audit M365 User Creations,,,,
Audit Mailbox Permission Changes,Exchange Online,Auditing,"This PowerShell script helps to audit mailbox permission changes, such as adding and removing full access, send as & send on behalf permissions in Office 365.",mailbox permission changes:10;delegate permission audit:8;full access changes:8;send as changes:8;send on behalf:7;permission audit:6,Audit Mailbox Permission Changes,,,,
Audit MS Teams Channel Creations,MS Teams,Auditing,Audit Microsoft Teams channel creations using PowerShell to ensure efficient resource management and security in the organization.,channel creation audit:10;who created channel:8;new channel:8;Teams channel audit:8,Audit MS Teams Channel Creations,,,,
Audit MS Teams Membership Changes,MS Teams,Auditing,"This PowerShell script helps admins to audit Teams membership changes, including private and shared channel membership to ensure data security.",Teams membership changes:10;added removed members:8;private channel membership:7;shared channel membership:7;team members audit:7,Audit MS Teams Membership Changes,,,,
Audit Office 365 External Sharing Activity,SharePoint & OneDrive,Auditing,This PowerShell script audits external sharing activities in SharePoint Online & OneDrive and exports external sharing reports to CSV.,external sharing audit:10;guest sharing:8;sharing activity:8;SharePoint sharing audit:7;anonymous sharing:7;OneDrive sharing:6;anyone links:6,Audit Office 365 External Sharing Activity,,,,
Audit Office 365 User Activity Report,Security & Identity,Auditing,"This PowerShell script exports Office 365 user's activity report to a CSV file with Activity Time, User, Operation, Result, Workload and Detailed Audit info.",user activity audit:10;audit log export:8;activity report:8;unified audit log:7;user actions:7;workload audit:5,Audit Office 365 User Activity Report,,,,
Audit PIM Role Activations and Deactivations,Security & Identity,Auditing,Audit PIM role activations and deactivations in Microsoft Entra to maintain control over privileged access and detect unusual admin activity.,PIM:10;privileged identity management:10;role activation:9;PIM audit:9;eligible role:7;just-in-time access:6;JIT:6;privileged access:6,Audit PIM Role Activations and Deactivations,,,,
Audit Recently Created M365 Users,Entra,Auditing,This PowerShell script helps to find who created a user account in Microsoft 365 with ease. Download the script now and identify the suspicious accounts.,recently created users:10;new user accounts:9;who created user:8;account creation audit:7;user provisioning:5,Audit Recently Created M365 Users,,,,
Audit Send As emails,Exchange Online,Reporting,This PowerShell script helps to audit Send As emails and finds who sent email from the delegated mailbox using Send As permission.,send as audit:10;who sent email:8;send as permission:8;delegated mailbox:7;send on behalf:6;impersonation:5,Audit Send As emails,,,,
Audit Shared Mailbox Activities,Exchange Online,Auditing,Learn how to audit shared mailbox activities with PowerShell to streamline mailbox management and enhance security.,shared mailbox audit:10;shared mailbox activity:9;delegate activity:7;mailbox audit:6,Audit Shared Mailbox Activities,,,,
Audit SPO Folder Activities,SharePoint & OneDrive,Auditing,Discover an easy way to track folder activities in SharePoint and OneDrive using a versatile PowerShell script.,folder activities:10;folder audit:9;folder operations:8;SharePoint folder:7;OneDrive folder:6,Audit SPO Folder Activities,,,,
Audit SPO Group Membership Changes,SharePoint & OneDrive,Auditing,This PowerShell script helps admin to audit SharePoint group membership changes and permission changes & export the report to CSV file.,SharePoint group changes:10;site group membership:9;site permission changes:8;group membership audit:7,Audit SPO Group Membership Changes,,,,
Audit Teams meetings,MS Teams,Auditing,This PowerShell script helps to audit Microsoft Teams meetings and their participants list.,Teams meeting audit:10;meeting participants:8;who attended meeting:7;online meetings:7,Audit Teams meetings,,,,
Audit User Account Status Changes,Entra,Auditing,Use this PowerShell script to quickly audit when user accounts are disabled or re-enabled in Microsoft 365.,account status changes:10;disabled account audit:9;enabled disabled users:8;blocked sign-in:7;who disabled account:7,Audit User Account Status Changes,,,,
Audit Who Deleted Emails From Shared Mailboxes,Exchange Online,Auditing,"This PowerShell script helps to audit shared mailbox email deletion and exports key details such as deletion time, users who deleted emails, deletion type, no.of deleted emails, email subjects, folder name, and more.",shared mailbox email deletion:10;who deleted email:9;deleted emails:8;shared mailbox audit:7;deletion type:5,Audit Who Deleted Emails From Shared Mailboxes,,,,
Auto Archive Inactive Teams in MS Teams,MS Teams,Management & Automation,Not sure how to handle inactive Microsoft Teams? Learn how to auto-archive inactive teams in Microsoft Teams to ensure security while keeping all your conversations and files accessible.,archive inactive teams:10;auto archive teams:9;stale teams:8;teams cleanup:7;teams lifecycle:6;dormant teams:6,Auto Archive Inactive Teams in MS Teams,,,,
Automate Compromised Account Remediation,Security & Identity,Management & Automation,"Automates 8 essential best practices for remediating a compromised Microsoft 365 account, helping you respond quickly and consistently.",compromised account remediation:10;incident response:9;account breach:7;revoke sessions:7;disable account:7;reset password:6;security automation:5,Automate Compromised Account Remediation,,,,
Automate M365 User Offboarding,Entra,Management & Automation,"Try this quick, secure, and comprehensive PowerShell script to automate Microsoft 365 user offboarding.",user offboarding:10;offboard user:9;deprovisioning:8;employee exit:7;leaver:7;terminate user:7;disable user:6;remove licenses:5,Automate M365 User Offboarding,,,,
Automate Outlook Signature - Deploy Once and Forget It,Exchange Online,Management & Automation,"Learn how to automate email signatures to have standard signature within tenant, ensure brand consistency, and more to improve efficiency.",email signature:10;outlook signature:9;signature deployment:8;standard signature:7;branding:6,Automate Outlook Signature - Deploy Once and Forget It,,,,
Automate Version History Cleanup,SharePoint & OneDrive,Management & Automation,Version history eating up your storage? Use this script to clean up old file versions in SharePoint Online and keep your Microsoft 365 environment optimized.,version history cleanup:10;delete old versions:9;file versions:8;storage cleanup:8;reduce SharePoint storage:7;trim versions:6,Automate Version History Cleanup,,,,
Azure AD Devices Report,Security & Identity,Reporting,Get Azure AD devices report using PowerShell now for continuous monitoring of devices in and around your organization and thereby protecting the Office 365.,devices report:10;Azure AD devices:9;Entra devices:9;registered devices:8;joined devices:7;device inventory:7;Intune devices:5,Azure AD Devices Report,,,,
Change Bulk Meeting Ownership,Exchange Online,Management & Automation,"This PowerShell script helps you transfer meetings from one organizer to another. For multiple organizers, you can provide the organizer details in a CSV file. The script creates a CSV file with the transfer status of each meeting.",change meeting organizer:10;transfer meeting ownership:0;transfer bulk meetings:8;meeting organizer transfer:7;bulk transfer meeting ownership:6,Change Bulk Meeting Organizer,,,,
Check Per-user MFA Status using MS Graph,Security & Identity,Reporting,Download this PowerShell script to retrieve per-user MFA status using MS Graph and export the report to CSV file.,per-user MFA:10;MFA status:9;multifactor authentication:7;2FA status:7;Graph MFA report:6,Check Per-user MFA Status using MS Graph,,,,
Configure Email Signature in Outlook,Exchange Online,Management & Automation,Admins can set up an email signature in Outlook using plain text or HTML templates. Unlock the full potential of script to solve more use cases.,email signature:10;configure signature:9;outlook signature:8;signature template:7;HTML signature:6,Configure Email Signature in Outlook,,,,
Configure HTML Email Signature in Outlook,Exchange Online,Management & Automation,"This PowerShell script deploys a standardized HTML email signature for Outlook mailboxes across Microsoft 365. It lets admins roll out consistent, branded signatures organization-wide without configuring each user manually.",HTML signature:10;email signature:9;branded signature:8;deploy signature:8;outlook signature:7,Configure HTML Email Signature in Outlook,,,,
Connect Microsoft Graph PowerShell,Security & Identity,Management & Automation,This script automatically installs and connects to the Microsoft Graph PowerShell SDK module.,connect Graph:10;Microsoft Graph PowerShell:9;MgGraph:8;install Graph module:8;Graph SDK:7;Graph authentication:6,Connect Microsoft Graph PowerShell,,,,
Connect MS Graph with Certificate-Automate Azure app registration,Security & Identity,Management & Automation,This ready-to-run script helps you register Azure app to connect MS Graph PowerShell through certificate. Download it to automate the process easily.,certificate authentication:10;app-only authentication:9;connect Graph certificate:9;certificate-based auth:8;Azure app registration:7;unattended script:7;automation:5,Connect MS Graph with Certificate-Automate Azure app registration,,,,
Connect to All Office 365 Services PowerShell Script,Security & Identity,Management & Automation,"This ""All-in-One"" PowerShell script helps to connect all Microsoft 365 services using PowerShell with MFA/non-MFA account.",connect all services:10;all-in-one connection:8;connect Microsoft 365 PowerShell:8;PowerShell modules:6;MFA connection:6,Connect to All Office 365 Services PowerShell Script,,,,
Connect to Exchange Online PowerShell script,Exchange Online,Management & Automation,We have written a user-friendly PowerShell script to connect Exchange Online PowerShell with MFA/non-MFA account.,connect Exchange Online:10;EXO PowerShell:8;Exchange module:7;MFA connection:6,Connect to Exchange Online PowerShell script,,,,
Convert DL to M365 Groups,Exchange Online,Management & Automation,Are you searching for a way to automate distribution list migrations? Here is the PowerShell script to upgrade the distribution lists to Microsoft 365 groups.,upgrade distribution list:10;convert DL to Microsoft 365 group:9;DL migration:7;unified group:6;modernize groups:5,Convert DL to M365 Groups,,,,
Convert External User into Internal Users in Entra,Entra,Management & Automation,The Microsoft Entra admin center and Graph API don't support external user conversion in bulk. This PowerShell script handles bulk conversion of external to internal users by importing CSV while preserving access and existing permissions.,convert guest to member:10;external to internal users:9;guest conversion:8;user type change:7;bulk convert users:6;B2B users:6,Convert External User into Internal Users in Entra,,,,
Convert User Mailboxes to Shared Mailboxes in Bulk,Exchange Online,Management & Automation,This PowerShell script helps admins to convert user mailboxes to shared mailboxes.,convert to shared mailbox:10;user mailbox to shared:9;mailbox conversion:8;bulk convert mailboxes:7,Convert User Mailboxes to Shared Mailboxes in Bulk,,,,
Copy Membership and Ownership Between DLs,Exchange Online,Management & Automation,Quickly Copy Members from One Distribution List to Another in Microsoft 365-no manual work needed.,copy DL members:10;clone distribution list:9;copy membership:8;copy ownership:7;distribution list:6,Copy Membership and Ownership Between DLs,,,,
Delete Older Emails in Outlook,Exchange Online,Management & Automation,This PowerShell script deletes older emails in Outlook after X number of days using the Search-Mailbox and DeleteContent.,delete old emails:10;mailbox cleanup:8;purge emails:8;delete emails after days:7;Search-Mailbox:5;retention:4,Delete Older Emails in Outlook,,,,
Disable Self-service Purchase in M365,Entra,Management & Automation,This script disables self-service purchase/ trial capability for all the supported M365 products.,self-service purchase:10;disable SSP:9;block purchase:8;self-service trial:6;MSCommerce:6,Disable Self-service Purchase in M365,,,,
Enable Mailbox Auditing for Office 365 Users,Exchange Online,Auditing,Quickly enable mailbox auditing in Office 365 using this PowerShell script or you can enable mailbox auditing for all Office 365 users by default.,enable mailbox auditing:10;mailbox audit logging:8;audit enabled by default:6,Enable Mailbox Auditing for Office 365 Users,,,,
Enable MFA for Admin Users,Security & Identity,Management & Automation,"This PowerShell script identifies Office 365 admins without MFA and enables MFA for them. Also, you can enable MFA considering license status.",enable MFA:10;admin MFA:9;admins without MFA:9;multifactor:6;secure admins:6,Enable MFA for Admin Users,,,,
Export All Mailboxes in EXO,Exchange Online,Reporting,Say goodbye to messy mailbox exports. Our PowerShell script for Microsoft 365 lets you export all mailbox types with clean formatting!,export mailboxes:10;all mailboxes:9;mailbox list:8;mailbox inventory:7;mailbox types:6,Export All Mailboxes in EXO,,,,
Export CA policies,Security & Identity,Reporting,Export Conditional Access policies using PowerShell for efficient CA policy management and enhanced Microsoft 365 security.,conditional access policies:10;export CA policy:9;CA policy report:8;access policies:7,Export CA policies,,,,
Export Distribution Groups,Exchange Online,Reporting,"Export distribution groups report in Microsoft 365 with this PowerShell script to view display name, external sender, authorized members, and more. It helps you identify empty DLs and remove any duplicate distribution lists.",distribution groups report:10;DL report:8;distribution list:8;empty DL:7;duplicate DL:7,Export Distribution Groups,,,,
Export Entra Sign-in Logs,Security & Identity,Auditing,Discover how to export comprehensive sign-in reports for Microsoft 365 users using PowerShell. Enhance security with practical execution examples for streamlined reporting.,sign-in logs:10;export sign-in report:9;login history:8;authentication logs:7;logon logs:6,Export Entra Sign-in Logs,,,,
Export Entra Users,Entra,Reporting,"Export Entra users in Microsoft 365 with PowerShell script to gain insights into user type, license usage, sign-in status, and more for efficient user management.",export users:10;Entra users:9;user list:8;user inventory:7;directory users:6;user type:5,Export Entra Users,,,,
Export Mailbox Hold Details,Exchange Online,Reporting,"This PowerShell script exports O365 mailbox hold report and helps to identify the type of holds (litigation, in-place hold, retention) placed on the mailbox",mailbox hold:10;litigation hold:9;retention hold:8;in-place hold:8;legal hold:7;eDiscovery:5,Export Mailbox Hold Details,,,,
Export Mailbox Usage & Quota Report,Exchange Online,Reporting,Download the PowerShell script to effortlessly generate a comprehensive mailbox quota report and keep your email system running smoothly.,mailbox quota:10;mailbox usage:9;mailbox size:8;quota report:8;storage quota:7,Export Mailbox Usage & Quota Report,,,,
Export MFA Status Report using MS Graph,Security & Identity,Reporting,This script exports Microsoft 365 users and their MFA status using Microsoft Graph PowerShell.,MFA status report:10;MFA status:9;multifactor:7;Graph MFA:6;2FA:6,Export MFA Status Report using MS Graph,,,,
Export Non-audited Mailbox Actions,Exchange Online,Auditing,"Using this PowerShell script, you can identify non-audited mailbox activities and improve the mailbox security by enabling them.",non-audited mailbox actions:10;audit gaps:8;unaudited actions:8;mailbox audit config:7,Export Non-audited Mailbox Actions,,,,
Export Office 365 Groups a User is Member Of,Entra,Reporting,"This PowerShell exports Office 365 groups a user is member of. With this script, you can generate more than 10 user membership report with advanced filters.",groups user is member of:10;user group membership:9;member of:8;membership report:7,Export Office 365 Groups a User is Member Of,,,,
Export OneDrive Urls and Usage Size,SharePoint & OneDrive,Reporting,Download the handy PowerShell script to quickly compile a list of all users' OneDrive URLs in your organization,OneDrive URLs:10;OneDrive usage size:9;OneDrive storage:8;OneDrive report:8,Export OneDrive Urls and Usage Size,,,,
Export Shared channel members report,MS Teams,Reporting,This PowerShell script helps admins to export Microsoft Teams shared channel report and it's membership details to CSV file.,shared channel members:10;shared channel report:9;channel membership:7;B2B direct connect:6,Export Shared channel members report,,,,
Export SharePoint Online External Users report,SharePoint & OneDrive,Reporting,This PowerShell script exports all the external users in SharePoint Online to CSV file. You can also get the external users in the SharePoint sites.,SharePoint external users:10;external users report:9;guest users SharePoint:8;site external users:7,Export SharePoint Online External Users report,,,,
Export SPO File & Folder Storage Consumption Report,SharePoint & OneDrive,Reporting,Learn how to retrieve SharePoint file & folder storage usage report using PowerShell and optimize your storage.,SharePoint storage report:10;file folder storage:9;storage consumption:8;file size report:7;folder size:7;optimize storage:5,Export SPO File & Folder Storage Consumption Report,,,,
External Warning Rule for External Emails,Exchange Online,Reporting,External email warning messages can be configured using mail flow rule. It prepends 'External' to subject of email that originated from outside of the org.,external email warning:10;external sender warning:8;external tag:8;mail flow rule:8;transport rule:7;phishing protection:5;safety tip:4,External Warning Rule for External Emails,,,,
File Version History Report,SharePoint & OneDrive,Reporting,Learn how to export SharePoint Online file version history report using PowerShell and keep track of all version changes.,version history report:10;file versions:9;document versions:8;version changes:7,File Version History Report,,,,
Find and Remove Inactive Users,Entra,Management & Automation,Learn how to find and delete inactive users in Microsoft 365 efficiently to secure your organization & reuse licenses to reduce costs.,inactive users:10;remove inactive users:9;stale accounts:8;delete unused accounts:7;dormant users:7;reclaim licenses:6,Find and Remove Inactive Users,,,,
Find DLs with External Users,Exchange Online,Reporting,Identify distribution lists with external users in Microsoft 365 to prevent sensitive information from being shared with unauthorized users.,DLs with external users:10;distribution list external members:9;guests in DL:8,Find DLs with External Users,,,,
Find Entra ID Configurations with Deprecated MemberOf Operator,Entra,Reporting,This PowerShell script helps you quickly find every configuration in your tenant that uses the deprecated MemberRuleOD operator and makes it easier to identify and update affected resources.,memberOf rule operator:10; dynamic membership rule:9;dynamic membership groups: 8; dynamic administrative units:8;entitlement management:7,Find Entra ID Configurations with Deprecated Memberof Operator,,,,
Find Expired Anyone (Anonymous) links,SharePoint & OneDrive,Reporting,Learn how to retrieve all expired anonymous links in SharePoint Online using PowerShell. Prevent unauthorized access by identifying and revoking links that are no longer valid.,expired anonymous links:10;expired anyone links:10;expired sharing links:9;revoke links:7;invalid links:6,Find Expired Anyone (Anonymous) links,,,,
Find Groups with Disabled Users,Entra,Reporting,"Use this PowerShell script to quickly identify groups with disabled users in Microsoft 365, simplifying tracking of active users.",groups with disabled users:10;disabled users in groups:9;blocked accounts:6;group cleanup:6;stale members:6,Find Groups with Disabled Users,,,,
Find Inactive Distribution Lists,Exchange Online,Reporting,Download this handy PowerShell script to identify inactive distribution lists in the organization using message trace report.,inactive distribution lists:10;unused DL:9;stale DL:8;message trace:5,Find Inactive Distribution Lists,,,,
Find Inactive Teams,MS Teams,Reporting,"Identify and manage inactive Microsoft Teams with PowerShell scripts to clean up unused teams, optimize resources, and prevent team overload.",inactive teams:10;unused teams:9;stale teams:8;teams cleanup:6;dormant teams:6,Find Inactive Teams,,,,
Find Inbox Rules that Forwards Email Externally,Exchange Online,Reporting,This PowerShell script helps to find inbox rules configured with external email forwarding (forwards emails to external users) and export them to CSV file.,external forwarding rules:10;inbox rules forwarding:9;auto forward external:8;forwarding rules report:8;email exfiltration:7,Find Inbox Rules that Forwards Email Externally,,,,
Find Licensed Groups in M365,Entra,Reporting,Execute the PowerShell script to get a comprehensive list of all licensed groups in Microsoft 365 in one go!,licensed groups:10;group-based licensing:9;group license report:8,Find Licensed Groups in M365,,,,
Find M365 Subscriptions Expiry Date,Entra,Reporting,This PowerShell script reports the expiry dates of all Microsoft 365 subscriptions and licenses in the tenant. It helps admins track upcoming renewals and avoid service disruption caused by lapsed subscriptions.,subscription expiry:10;expiring subscriptions:9;subscription renewal:8;license expiration:7,Find M365 Subscriptions Expiry Date,,,,
Find M365 User License Assignment Path,Entra,Reporting,Check Microsoft 365 user license assignment path -whether directly or inherited from a group using PowerShell.,license assignment path:10;direct vs group license:9;inherited license:8;license source:7,Find M365 User License Assignment Path,,,,
Find Non-Compliant Shared Mailboxes,Exchange Online,Reporting,Run the PowerShell script to track unlicensed shared mailboxes allowing direct sign-in access in Microsoft 365.,unlicensed shared mailbox:10;shared mailbox sign-in enabled:9;non-compliant mailboxes:8;shared mailbox compliance:7,Find Non-Compliant Shared Mailboxes,,,,
Find Orphaned Teams,MS Teams,Reporting,This script helps to find Microsoft Teams without an owner and manage them properly by assigning new owner to orphaned teams using PowerShell.,orphaned teams:10;teams without owner:10;ownerless teams:9;assign team owner:7,Find Orphaned Teams,,,,
Find Teams Channels with External Users,MS Teams,Reporting,"Execute this PowerShell script to list all Teams Channels with external members, ensuring secure external collaboration in Microsoft Teams.",channels with external users:10;Teams channel guests:8;external members channel:8,Find Teams Channels with External Users,,,,
Find Teams Meetings Attended By a Specific User,MS Teams,Reporting,Learn how to find out the Teams meetings attended by a specific user effectively using our PowerShell script.,meetings attended by user:10;user meeting attendance:9;Teams meeting participation:8,Find Teams Meetings Attended By a Specific User,,,,
Find Teams with Guests and External Users,MS Teams,Reporting,Execute the PowerShell script to list the teams with guests and external access to secure external access in Microsoft Teams.,teams with guests:10;guest access teams:9;external users teams:8,Find Teams with Guests and External Users,,,,
Find Unused Microsoft 365 Licenses,Entra,Reporting,Quickly identify unused Microsoft 365 licenses and reclaim them for efficient license management.,unused licenses:10;unassigned licenses:9;reclaim licenses:8;available licenses:7;license cost saving:6,Find Unused Microsoft 365 Licenses,,,,
Find who Sent Emails from Shared Mailboxes,Exchange Online,Reporting,This PowerShell script helps admins to find out who sent what email from the shared mailbox in your Office 365 environment.,who sent from shared mailbox:10;shared mailbox sent emails:9;send as audit:7,Find who Sent Emails from Shared Mailboxes,,,,
Get Active and Expired Certificates & Secrets in Entra Apps,Security & Identity,Reporting,"Learn how to export all app registrations along with their client secrets and certificates, including their expiration status, expiry dates, and other details. It helps you track active and expired credentials for Microsoft Entra apps.",app credentials report:10;expired client secrets:9;certificate expiry:8;app registration credentials:8;active expired credentials:7,Get Active and Expired Certificates & Secrets in Entra Apps,,,,
Get Alerts for Break Glass Account Activities,Security & Identity,Auditing,"By scheduling the PowerShell script in Task Scheduler, you can receive real-time alerts for break glass account sign-ins and related activities.",break glass account:10;emergency access account:9;break glass alerts:9;real-time alert:7;sign-in monitoring:6;task scheduler:4,Get Alerts for Break Glass Account Activities,,,,
Get All Anonymously Shared Links,SharePoint & OneDrive,Reporting,"Use this PowerShell script to export all anonymous sharing links along with shared link, file/folder name, access type, link expiry date, and more. It helps you identify any sensitive data exposure and remove unnecessary access links.",anonymous sharing links:10;anyone links:9;shared links report:8;data exposure:6;link expiry:5,Get All Anonymously Shared Links,,,,
Get All Enterprise Apps and their Owners,Security & Identity,Reporting,Run the PowerShell script to quickly retrieve a list of all enterprise apps and their owners- no more manual searches!,enterprise apps:10;app owners:9;service principals:7;app inventory:7;ownerless apps:6,Get All Enterprise Apps and their Owners,,,,
Get All Office 365 Email Addresses,Exchange Online,Reporting,"This script helps to get all Office 365 email addresses, including SMTP address and alias. Also, you can export reports based on the mailbox type.",email addresses:10;SMTP addresses:9;alias:8;proxy addresses:8;address list:6,Get All Office 365 Email Addresses,,,,
Get All Sharing Links in SharePoint Online,SharePoint & OneDrive,Reporting,"This script retrieves all types of sharing links along with link URLs, file or folder names, access types, expiry settings, and more. Use it to identify potential data exposure caused by unwanted sharing links.",sharing links report:10;all sharing links:9;anyone links:7;anonymous links:7;data exposure:6;link expiry:5,Get All Sharing Links in SharePoint Online,,,,
Get All Subsites in SPO,SharePoint & OneDrive,Reporting,Learn how to get all subsites in SharePoint Online using PowerShell and keep track of your site structure for proper organization.,subsites:10;SharePoint subsites:9;site hierarchy:7;site structure:7,Get All Subsites in SPO,,,,
Get Calendar Permission Report,Exchange Online,Reporting,"This PowerShell script helps to get calendar permissions for all the Office 365 mailboxes. Also, it exports 6 different mailbox permission reports to CSV.",calendar permissions:10;calendar sharing:8;calendar delegate:7;mailbox calendar:6,Get Calendar Permission Report,,,,
Get Daily Sign-in Summary Report to Your Email,Security & Identity,Auditing,Automatically send a daily Microsoft 365 user sign-in summary email with a CSV file and an easy one-glance HTML report to quickly detect suspicious sign-ins.,daily sign-in summary:10;scheduled sign-in report:9;email report:7;suspicious sign-ins:6;HTML report:5,Get Daily Sign-in Summary Report to Your Email,,,,
Get DLs a User is Member Of,Exchange Online,Reporting,This PowerShell script lists all Office 365 distribution groups a user is member of. You can also generate reports for all or list of users.,DLs user is member of:10;distribution list membership:9;member of DL:8,Get DLs a User is Member Of,,,,
Get Entra Enterprise App Permission Report,Security & Identity,Reporting,Export all Entra Enterprise applications and their permissions with PowerShell script to prevent misuse of its privileges.,app permissions:10;OAuth permissions:9;API permissions:8;consent report:8;delegated permissions:7;application permissions:7,Get Entra Enterprise App Permission Report,,,,
Get List Items Count in SharePoint Online,SharePoint & OneDrive,Reporting,Execute the PowerShell script to get all lists and their item count in SharePoint Online.,list items count:10;SharePoint lists:8;item count:8;list threshold:6,Get List Items Count in SharePoint Online,,,,
Get M365 Inactive User Report,Entra,Reporting,This PowerShell script helps admins to identify users last sign-in activity & generates 10+ Microsoft 365 inactive user report using MS Graph PowerShell.,inactive user report:10;last sign-in activity:8;stale accounts:7;dormant users:7,Get M365 Inactive User Report,,,,
Get Mailbox Auto Reply Configuration Report,Exchange Online,Reporting,This PowerShell script gets mailbox automatic reply configuration using PowerShell and export them to CSV to find users' out of office configuration.,auto reply:10;out of office:9;OOF:8;automatic replies:8,Get Mailbox Auto Reply Configuration Report,,,,
Get Mailbox Folder Permission Report,Exchange Online,Reporting,Get detailed insights on mailbox folder permissions in Exchange Online to prevent excessive folder privileges and improve mailbox security.,mailbox folder permissions:10;folder access:8;delegate folder:7;calendar folder:6,Get Mailbox Folder Permission Report,,,,
Get Mailbox Folder Statistics Report,Exchange Online,Reporting,Get detailed mailbox folder statistics for all EXO mailboxes with this PS script. It solves all use cases and helps to optimize storage.,folder statistics:10;folder size:9;mailbox folders:7;item count:7,Get Mailbox Folder Statistics Report,,,,
"Get Microsoft Users Direct Membership (Groups, Directory Roles, and AUs)",Entra,Reporting,"List Microsoft 365 user's direct membership, admin roles assigned & administrative units (AU) in Entra ID they are members of using PowerShell.",direct membership:10;directory roles:8;administrative units:8;user groups roles:7;AU membership:6,"Get Microsoft Users Direct Membership (Groups, Directory Roles, and AUs)",,,,
Get Nested Distribution List Membership Report,Exchange Online,Reporting,"This PowerShell script exports Office 365 nested distribution group members to two CSV files, one with summary & another with detailed info.",nested distribution list:10;nested DL members:9;expand DL membership:8,Get Nested Distribution List Membership Report,,,,
Get Nested Groups,Entra,Reporting,Learn how to get nested groups in Microsoft 365 using PowerShell for managing group hierarchies efficiently.,nested groups:10;group in group:9;group hierarchy:8;nested membership:7,Get Nested Groups,,,,
Get Office 365 Groups Storage Size Report,Entra,Reporting,This PowerShell script gets the storage used by Office 365 Groups using Get-UnifiedGroup & exports the Office 365 Groups storage report to a CSV file.,group storage size:10;unified group storage:8;group mailbox size:7;groups storage report:8,Get Office 365 Groups Storage Size Report,,,,
Get Risky Users in Entra,Security & Identity,Reporting,"Use the PowerShell script to list all risky users in Microsoft Entra for early risk detection, proactive remediation, and enhanced identity protection.",risky users:10;identity protection:8;user risk:8;risk detection:7;compromised users:6,Get Risky Users in Entra,,,,
Get SPO Files with Sensitivity Label,SharePoint & OneDrive,Reporting,"This script gives a clear view of how sensitivity labels are applied across SharePoint Online files, making it easier to spot misclassified content and review protection coverage.",sensitivity labels:10;labeled files:9;MIP labels:7;classification:7;Purview:6;label coverage:6,Get SPO Files with Sensitivity Label,,,,
Get SPO Sites and Applied Retention Policies,SharePoint & OneDrive,Reporting,Discover which retention policies are applied to protect your SharePoint sites and manage deletions smoothly.,retention policies:10;site retention:9;SharePoint retention:8;compliance policy:6,Get SPO Sites and Applied Retention Policies,,,,
Get SSPR Status Report,Security & Identity,Reporting,Export self-service password reset status reports using PowerShell to monitor user password resets and increase Microsoft 365 security.,SSPR:10;self-service password reset:10;SSPR status:9;password reset registration:8,Get SSPR Status Report,,,,
Guest User Report,Entra,Reporting,This PowerShell script exports Office 365 guest user report along with guest user's group membership info. You can also get stale guests using this script.,guest users:10;guest report:9;external users:8;B2B guests:7;guest membership:6;stale guests:6,Guest User Report,,,,
Guest Users Last Logon Time Report,Entra,Reporting,Track guest users' last login time report to avoid inactive/stale guest accounts in the organization.,guest last logon:10;inactive guests:9;stale guests:8;guest sign-in:7,Guest Users Last Logon Time Report,,,,
Identify and Block External Email Forwarding (including Inbox Rules) in Exchange Online,Exchange Online,Management & Automation,Learn how to identify and block external email forwarding configurations that risk your organization efficiently using PowerShell script.,block external forwarding:10;external forwarding:9;disable forwarding:8;email exfiltration:7;inbox rules:6,Identify and Block External Email Forwarding (including Inbox Rules) in Exchange Online,,,,
Identify and Block Shared Mailbox Signin,Exchange Online,Management & Automation,Learn how to identify and block shared mailbox sign-in using a PowerShell script to prevent unauthorized access and secure your organization exposing sensitive data.,block shared mailbox sign-in:10;shared mailbox sign-in:9;disable shared mailbox login:8;unauthorized access:5,Identify and Block Shared Mailbox Signin,,,,
Identify and Remove Overlapped Direct Licenses from Group-based Licensed Users,Entra,Management & Automation,Find and remove direct licenses for users with group-inherited licenses in Microsoft 365 using PowerShell.,duplicate licenses:10;overlapping licenses:9;remove direct license:8;direct and group license:8;license optimization:7,Identify and Remove Overlapped Direct Licenses from Group-based Licensed Users,,,,
Identify MFA Deployment Source for M365 Users,Security & Identity,Reporting,"Identify MFA deployment source methods whether it's per-user MFA, security defaults, or Conditional Access policies.",MFA deployment source:10;MFA enforcement method:9;security defaults:8;conditional access MFA:8;per-user MFA:7,Identify MFA Deployment Source for M365 Users,,,,
Install and Connect to EXO,Exchange Online,Management & Automation,This script automatically installs Exchange Online Management module and connect to Exchange Online PowerShell.,install Exchange module:10;connect Exchange Online:9;ExchangeOnlineManagement:7;setup EXO:6,Install and Connect to EXO,,,,
Last Successful Sign-in Date Report for M365 Users,Entra,Reporting,MS Graph exposes Last Successful Sign-in Date Report for Microsoft 365 Users. Download the PowerShell script to export 10+ last successful sign-in reports.,last successful sign-in:10;last sign-in date:9;last logon:8;inactive users:6,Last Successful Sign-in Date Report for M365 Users,,,,
LicenseExpiryDateReport,Entra,Reporting,"This PowerShell script exports Office 365 license expiry date with subscription plan, subscribed date, type, subscription expiry date and status to CSV file.",license expiry:10;subscription expiry date:9;expiring licenses:8;renewal date:7,LicenseExpiryDateReport,,,,
List M365 Users Registered MFA Authentication Methods,Security & Identity,Reporting,Weak authentication methods can be a gateway for attacks & data leaks. Quickly review Microsoft 365 users' registered MFA authentication methods with this PowerShell script!,MFA authentication methods:10;registered MFA methods:9;authenticator app:7;weak authentication:6;phone sign-in:5,List M365 Users Registered MFA Authentication Methods,,,,
List Mailboxes Users Can Access,Exchange Online,Reporting,The PowerShell script gets list of mailboxes a user has access to & export it to CSV. You can generate report for all users or specific users.,mailboxes user can access:10;mailbox access:9;delegate access:8;non-owner access:6,List Mailboxes Users Can Access,,,,
List SPO Files & Folders Created by External Users,SharePoint & OneDrive,Reporting,Retrieve files and folders created by external users in SharePoint Online to avoid unwanted or malicious activity and improve security.,files created by external users:10;guest created files:9;external user files:8,List SPO Files & Folders Created by External Users,,,,
List Unlicensed Users in M365,Entra,Reporting,Learn how to find unlicensed users in Microsoft 365 using PowerShell and streamline your license management.,unlicensed users:10;users without license:9;no license:7;missing license:6,List Unlicensed Users in M365,,,,
M365 License Cost & Usage Report,Entra,Reporting,"Export Microsoft 365 license cost report with PowerShell. Optimize costs, track usage, and manage licenses effectively.",license cost:10;license usage:8;license spend:8;cost optimization:7;billing:6,M365 License Cost & Usage Report,,,,
M365 Users Last Successful Signin Date Report,Entra,Reporting,MS Graph exposes Last Successful Sign-in Date Report for Microsoft 365 Users. Download the PowerShell script to export 10+ last successful sign-in reports.,last successful sign-in:10;last logon date:8;sign-in report:7;inactive users:6,M365 Users Last Successful Signin Date Report,,,,
M365 Users' Group-based License Assignment Report,Entra,Reporting,"Find all Microsoft 365 users with group-based license assignment, spot disabled users, and identify license errors using PowerShell.",group-based licensing:10;group license assignment:9;inherited license:8;license errors:7,M365 Users' Group-based License Assignment Report,,,,
Mail Protection Report,Exchange Online,Reporting,A detailed guide to obtain Microsoft 365 spam and malware reports using PowerShell script to enhance Exchange Online email security.,spam report:10;malware report:9;email security:7;threat report:6;EOP:6;Defender email:6,Mail Protection Report,,,,
Mail Traffic Report,Exchange Online,Reporting,This PowerShell script exports a number of emails sent and received by a per-user in your Office 365 org. Download mail traffic report for your tenant now!,mail traffic:10;email volume:8;sent received count:8;mail flow report:7;message trace:6,Mail Traffic Report,,,,
Mailbox Size Report,Exchange Online,Reporting,This PowerShell script exports mailbox size report and quotas to a CSV file. This report helps to analyse mailbox size usage and mailbox warning size.,mailbox size:10;mailbox storage:8;mailbox usage:7;quota:7,Mailbox Size Report,,,,
Manage & Report MS Teams Tag Members,MS Teams,Management & Automation,Download this handy PowerShell script to view and manage Microsoft Teams tag members for your entire organization,Teams tags:10;tag members:9;manage tags:8,Manage & Report MS Teams Tag Members,,,,
Manage M365 Users Deletions,Entra,Management & Automation,"Simplify Microsoft 365 user deletion management. Delete, restore, or permanently remove users in bulk using an all-in-one PowerShell script.",delete users:10;restore deleted users:9;permanently remove users:8;bulk delete users:7;soft deleted users:6,Manage M365 Users Deletions,,,,
Manage Microsoft 365 Groups,Entra,Management & Automation,"The native admin centres do not support bulk management of Microsoft 365 groups. This PowerShell script performs 19 management actions to manage Microsoft 365 groups effectively, including both single and bulk operations.",manage groups:10;bulk group management:9;group actions:7;unified groups:6,Manage Microsoft 365 Groups,,,,
Manage Microsoft 365 Licenses using MS Graph,Entra,Management & Automation,This All-in-One PowerShell script helps admins to manage Microsoft 365 licenses effectively with 11 reporting and license assignment removal actions.,license management:10;assign licenses:9;remove licenses:8;bulk licensing:7,Manage Microsoft 365 Licenses using MS Graph,,,,
Microsoft 365 Group Report,Entra,Reporting,"This Microsoft 365 group report script exports all Microsoft 365 groups such as distribution list, security group, unified groups and their members to CSV.",group report:10;all groups:8;group members:7;security groups:7;distribution lists:7;unified groups:6,Microsoft 365 Group Report,,,,
Microsoft 365 License Cost Optimization Tool,Entra,Management & Automation,The native admin center shows who holds licenses but not how to optimize them. This Microsoft 365 license optimization tool includes 16 actions to identify license waste and cut licensing costs through single and bulk actions.,license optimization:10;license waste:9;cut license cost:8;reclaim licenses:7;unused licenses:7,Microsoft 365 License Cost Optimization Tool,,,,
Microsoft Teams Meetings Call Quality Report,MS Teams,Reporting,"Export 6 Microsoft Teams meeting call quality reports using PowerShell, which helps you analyze the network, device, and audio health issues.",call quality:10;meeting quality:8;CQD:8;audio video issues:7;network health:6;device health:6,Microsoft Teams Meetings Call Quality Report,,,,
Microsoft Teams Reports,MS Teams,Reporting,This PowerShell script can generate 8 different MS Teams reports and export them to CSV file.,Teams reports:10;Teams usage:8;Teams analytics:7;Teams inventory:6,Microsoft Teams Reports,,,,
Microsoft Teams-Private Channel Management,MS Teams,Management & Automation,"Restricting Private Channel creation for set of users is a major task in an organization. Using our script, you can manage Private Channel creation for users.",private channel:10;restrict channel creation:9;private channel policy:8;manage channels:7,Microsoft Teams-Private Channel Management,,,,
Notify Entra App Credential Expiry,Security & Identity,Management & Automation,This PowerShell script monitors client secrets and certificates of Microsoft Entra ID app registrations and alerts admins before they expire. Scheduling it helps prevent app downtime from expired credentials.,app credential expiry alert:10;client secret expiry:9;certificate expiry notification:9;app registration monitoring:7;prevent app downtime:6,Notify Entra App Credential Expiry,,,,
Office 365 Admin Report,Entra,Reporting,"This PowerShell script exports Office 365 admin report to CSV. Also, you can generate admin role group members report by using in-built params.",admin report:10;admin roles:9;administrators list:8;role group members:7;privileged users:7,Office 365 Admin Report,,,,
Office 365 Distribution Group Members Report,Exchange Online,Reporting,"This PowerShell script exports Office 365 Distribution Group members to CSV file along with Primary SMTP Address, Alias, Group Owner, Members &amp: Count, etc",distribution group members:10;DL members:9;group members export:8;DL owners:6,Office 365 Distribution Group Members Report,,,,
Office 365 Dynamic Distribution Group Members Report,Exchange Online,Reporting,This PowerShell script gets Office 365 Dynamic Distribution Group members and exports them to CSV. The script generates both DDL group and members report.,dynamic distribution group:10;dynamic DL:9;DDG members:8,Office 365 Dynamic Distribution Group Members Report,,,,
Office 365 Email Forwarding Report,Exchange Online,Reporting,"The email forwarding report lists mailboxes that forwards and redirects email to another mailboxes. It considers SMTP forwarding, inbox rules, transport rule",email forwarding report:10;forwarding mailboxes:9;SMTP forwarding:8;inbox rule forwarding:7;redirect email:6,Office 365 Email Forwarding Report,,,,
Office 365 Mailbox Permissions Report,Exchange Online,Reporting,"This PowerShell script exports Office 365 users' mailbox delegate permissions like Full access, Send as Send-on-behalf to CSV file with administrative roles.",mailbox permissions:10;full access:9;send as:8;send on behalf:8;delegate permissions:8,Office 365 Mailbox Permissions Report,,,,
Office 365 Manager Report,Entra,Reporting,This PowerShell script exports 10+ Office 365 user manager reports and direct reports to CSV file along with the most required attributes.,manager report:10;direct reports:9;manager attribute:8;org hierarchy:6,Office 365 manager report,,,,
Office 365 Non-owner Mailbox Access Report,Exchange Online,Reporting,"Non-Owner mailbox access includes administrators, delegates, and external users. Using this PowerShell script, you can export non-owner mailbox access report.",non-owner mailbox access:10;who accessed mailbox:9;delegate access audit:7,Office 365 Non-owner Mailbox Access Report,,,,
Office 365 Password Expiry Report,Security & Identity,Reporting,This PowerShell script exports 7+ Microsoft 365 last password change date &amp; Password expiry reports to CSV.,password expiry:10;last password change:9;expiring passwords:8;password age:7,Office 365 Password Expiry Report,,,,
Office 365 Shared Mailbox Permission Report,Exchange Online,Reporting,"This PowerShell script exports Shared mailbox permission like full access, send as and send on behalf permissions to CSV file.",shared mailbox permissions:10;full access:8;send as:8;send on behalf:7,Office 365 Shared Mailbox Permission Report,,,,
Office 365 User Last Activity Time Report,Exchange Online,Reporting,The Last Logon Time attribute gives inaccurate data to identify the Office 365 mailbox's inactivity. Users&#039; real last logon time report can be retrieved from,last activity time:10;user activity date:8;real last logon:7;inactive mailbox:6,Office 365 User Last Activity Time Report,,,,
Office 365 User Last Logon Time Report,Exchange Online,Reporting,"Export Office 365 Last Logon Time report to CSV with UserPrincipalName, DisplayName, LastLogonTime, InactiveDays, MailboxType, Licenses, Admin Roles.",last logon time:10;last sign-in:8;inactive days:7;login date:7,Office 365 User Last Logon Time Report,,,,
Office 365 User License Report,Entra,Reporting,"Using this script administrator can export all Office 365 licensed users with their assigned licenses, services, and service status.",user licenses:10;assigned licenses:9;license SKU:7;service status:6,Office 365 User License Report,,,,
Office 365 User Logon History Report,Entra,Auditing,"This PowerShell script exports a Microsoft 365 users' logon history report, enabling administrators to track users' login activities.",logon history:10;sign-in history:9;login activities:8,Office 365 User Logon History Report,,,,
Office 365 User MFA Status Report,Security & Identity,Reporting,"This PowerShell script exports Office 365 users' MFA status with Default MFA Method, AllMFAMethods, MFAPhone, MFAEmail, LicenseStatus, IsAdmin, SignInStatus.",MFA status:10;MFA methods:8;2FA report:7;MFA phone:6;sign-in status:5,Office 365 User MFA Status Report,,,,
Office365 License Reporting And Management,Entra,Management & Automation,"This All-in-One PowerShell script can perform more than 10 Office 365 license reporting and management activities, including bulk assign or remove licenses.",license management:10;license reporting:9;bulk assign licenses:8;remove licenses:7,Office365 License Reporting And Management,,,,
OneDrive Usage Report,SharePoint & OneDrive,Reporting,Learn how to export OneDrive usage report in Microsoft 365 to manage storage and improve efficiency in the organization.,OneDrive usage:10;OneDrive storage:9;OneDrive report:8,OneDrive Usage Report,,,,
Plus Addressing Configuration,Exchange Online,Reporting,"In Exchange Online, Plus Addressing is not enabled by default. You can enable it using PowerShell. Plus Addressing helps to create dynamic custom email address.",plus addressing:10;enable plus addressing:8;subaddressing:8;dynamic email alias:7,Plus Addressing Configuration,,,,
Prevent Bing Install in Chrome,Security & Identity,Management & Automation,This PowerShell script blocks the automatic installation of the Microsoft Search in Bing extension for Google Chrome across Microsoft 365. It helps admins avoid the unwanted default-search change on managed devices.,block Bing extension:10;prevent Bing install:9;Microsoft Search in Bing:9;Chrome extension:7;managed devices:5,Prevent Bing Install in Chrome,,,,
Private Channel Reports in MS Teams,MS Teams,Reporting,"Export Microsoft Teams Private Channel membership report for monitoring team collaboration, ensuring compliance, and enhancing overall security.",private channel report:10;private channel members:9;channel membership:7,Private Channel Reports in MS Teams,,,,
Remove Email Forwarding,Exchange Online,Management & Automation,This script helps to remove email forwarding configurations & disables inbox rules with forwarding for specific users & bulk users through CSV.,remove forwarding:10;disable email forwarding:9;stop auto forward:8;forwarding inbox rules:7,Remove Email Forwarding,,,,
Remove Sharing Links in SharePoint Online,SharePoint & OneDrive,Management & Automation,"Automate removing SharePoint sharing links based on real-world needs like anonymous, expired or people-specific links.",remove sharing links:10;revoke sharing links:9;delete anonymous links:8;expired links cleanup:7,Remove Sharing Links in SharePoint Online,,,,
Reset MFA Methods For M365 Users,Security & Identity,Management & Automation,"This PowerShell script helps to reset MFA methods for M365 users, and it covers 25+ real time scenarios. For example,",reset MFA:10;re-register MFA:9;clear MFA methods:8;MFA reset scenarios:6,Reset MFA Methods For M365 Users,,,,
Reset Phone Authentication for M365 Users,Security & Identity,Management & Automation,Download this PowerShell script to remove phone-based MFA for users in Microsoft 365.,reset phone authentication:10;remove phone MFA:9;MFA phone reset:8;SMS authentication:7,Reset Phone Authentication for M365 Users,,,,
Room Mailbox report,Exchange Online,Reporting,Utilize pre-built PowerShell script to effortlessly export M365 room mailbox reports for detailed analysis and streamlined management of meeting rooms.,room mailbox:10;meeting rooms:8;resource mailbox:7;room inventory:7,Room Mailbox report,,,,
Room Mailbox Usage report,Exchange Online,Reporting,Obtain Office 365 room mailbox usage statistics using PowerShell scripting and get valuable insights into meeting statistics and booking trends.,room usage:10;meeting room booking:9;room utilization:8;booking trends:7;meeting statistics:6,Room Mailbox Usage report,,,,
Save Sent Items in Shared Mailbox,Exchange Online,Management & Automation,Microsoft 365 doesn't save sent emails in the shared mailbox by default. Admins need to enable settings to save sent items in shared mailbox.,save sent items:10;shared mailbox sent items:9;sent folder copy:7;message copy:6,Save Sent Items in Shared Mailbox,,,,
Send Password Expiry Notifications to M365 Users,Security & Identity,Management & Automation,Learn how to send password expiry notifications via email in Microsoft 365 using a PowerShell script to ensure timely updates and prevent lockouts.,password expiry notification:10;password reminder email:9;expiring password alert:8;prevent lockout:6,Send Password Expiry Notifications to M365 Users,,,,
Set Azure AD User Manager using MS Graph,Entra,Management & Automation,Set up manager for Office 365 users by Set-AzureADUserManager. This PowerShell script sets up for multiple users based on 10+user properties.,set manager:10;assign manager:9;manager attribute:8;bulk update manager:7;org hierarchy:5,Set Azure AD User Manager using MS Graph,,,,
Setup recurring OOF,Exchange Online,Management & Automation,Set up recurring Out of Office automatic replies in Outlook for Microsoft 365 users using scheduling tools like Windows Task Scheduler or Azure Automation.,recurring out of office:10;recurring auto reply:9;OOF:8;automatic replies:8;scheduled auto reply:8,Setup recurring OOF,,,,
Shared Mailbox report,Exchange Online,Reporting,"This PowerShell script helps admins to get a list of shared mailbox in Office 365 and their details like archive status, license, forwarding config, etc.",shared mailbox list:10;shared mailbox report:10;shared mailbox inventory:8;archive status:6;forwarding config:6,Shared Mailbox report,,,,
Shared Mailbox Size Report,Exchange Online,Reporting,Discover how to efficiently get shared mailbox size with our PowerShell script in Microsoft 365. Export detailed report and optimize storage.,shared mailbox size:10;shared mailbox storage:8;quota:6,Shared Mailbox Size Report,,,,
SharePoint Online External User File Access Report,SharePoint & OneDrive,Reporting,This PowerShell script exports Office 365 external users' file access report to CSV. This helps to find who accessed the file and when in SharePoint Online.,external user file access:10;guest file access:9;who accessed file:8;external access report:7,SharePoint Online External User File Access Report,,,,
SPO Document Library Report,SharePoint & OneDrive,Reporting,"Get quick report with a list of all document library in SharePoint Online, including size, files & folder count, etc., to optimize storage.",document library report:10;SharePoint libraries:8;library size:8;file folder count:7,SPO Document Library Report,,,,
Teams Meeting Device Usage Report,MS Teams,Reporting,Audit meetings device usage in Microsoft Teams using PowerShell script to enforce security compliance and verify that only approved devices access your organization data.,meeting device usage:10;Teams devices:8;endpoint usage:7;device compliance:6;approved devices:6,Teams Meeting Device Usage Report,,,,
Teams Usage Summary Report,MS Teams,Reporting,Export Microsoft Teams usage report with PowerShell script and quickly find inactive teams at scale.,Teams usage report:10;Teams activity:8;inactive teams:7;team adoption:6,Teams Usage Summary Report,,,,
Trace Emails Received From External Domains,Exchange Online,Auditing,Export emails received from external domains in Exchange Online using this PowerShell script to detect suspicious emails and enhance email security.,inbound external emails:10;emails from external domains:9;message trace inbound:8;suspicious emails:6,Trace Emails Received From External Domains,,,,
Trace Emails Sent to External Domains,Exchange Online,Auditing,Easily trace and export outbound emails to external domains in Microsoft 365 to enhance security and compliance.,outbound external emails:10;emails to external domains:9;message trace outbound:8;data exfiltration:6,Trace Emails Sent to External Domains,,,,
Track offboarded user activities,Entra,Auditing,Learn a simple and convenient way to keep track of Microsoft 365 offboarded user activities. Avoid being a victim of data breaches!,offboarded user activity:10;terminated user audit:9;leaver activity:8;post-offboarding:7;data breach prevention:5,Track offboarded user activities,,,,
